ma_cua_hang,ma_thanh_pho,so_dien_thoai,thoi_gian
37,2358,(337)648-3912,2025-04-05 17:02:43
65,9574,296.453.8263x88,2025-03-20 01:12:21
196,4499,364.587.4328x72,2024-08-04 08:34:17
215,7023,3438301056,2025-03-25 04:54:41
291,2032,933.802.5077x10,2024-10-23 12:16:27
419,4793,(504)337-3160x7,2025-03-18 11:04:51
425,4433,936.977.5612x38,2024-10-03 22:50:20
541,3129,610.435.6725x28,2025-01-13 07:01:48
561,2973,6705269818,2025-04-23 05:00:06
684,1169,221.635.4658x17,2024-10-11 21:16:21
748,3396,297.803.5503x78,2024-09-19 19:04:48
815,2358,(629)237-9264x1,2024-06-03 13:00:26
833,5645,001-541-403-365,2024-12-22 14:12:49
839,2358,871-447-3217x73,2024-08-25 23:06:32
899,1169,+1-429-772-6344,2024-10-12 05:02:01
1009,3396,+1-617-680-3786,2024-05-07 03:43:14
1130,3396,765-986-3583,2024-06-12 09:50:46
1346,5645,440.639.6698,2024-05-19 23:55:04
1584,7729,(894)334-8191x6,2024-05-04 21:41:15
1598,8171,709.729.5693x19,2024-10-13 22:04:49
1621,8168,803.223.5566,2024-10-23 07:15:33
1746,9613,3915912191,2024-07-18 11:45:47
1754,7134,001-418-660-726,2025-04-22 11:19:06
1791,3950,694-850-9621,2024-12-02 13:46:33
1845,8260,(317)635-0520x6,2024-10-28 06:22:02
1990,9399,001-560-514-713,2024-06-02 01:26:46
2024,4499,001-489-509-705,2024-08-14 19:29:14
2062,9975,(736)429-9113,2024-11-19 13:31:59
2141,4499,+1-231-435-4725,2024-06-10 08:13:32
2196,732,653.909.3591,2025-03-14 00:47:46
2215,8863,(556)971-6750x1,2025-04-21 16:47:54
2252,3129,(458)342-9030,2024-07-21 01:00:49
2451,3129,001-505-720-320,2024-06-14 00:14:55
2596,5742,(695)585-7276,2024-12-31 02:00:01
2620,9613,001-970-514-573,2024-05-21 14:11:27
2627,5786,001-319-921-848,2024-07-13 02:43:44
2632,2358,001-886-672-308,2025-01-14 15:29:50
2655,2032,(639)301-9396,2025-03-11 02:06:36
2826,7134,+1-534-664-5804,2025-01-16 23:39:31
2863,3950,752.849.8843,2024-12-15 03:52:34
2900,4679,8826151215,2024-07-21 10:54:11
2925,9574,001-373-421-157,2024-09-10 08:42:04
2930,3129,001-336-242-707,2025-01-20 07:57:49
2939,732,+1-911-705-6639,2025-03-03 17:41:04
3010,8863,001-962-401-014,2025-02-12 10:21:18
3050,3957,001-905-432-882,2024-08-02 01:15:49
3064,5786,803.448.0767,2025-01-20 02:57:08
3142,2973,348-213-8700,2024-07-20 21:20:52
3194,9634,001-266-949-502,2024-06-21 04:25:56
3271,7729,+1-647-222-7026,2024-08-16 05:25:46
3302,1169,896.362.3406,2025-02-10 18:52:49
3310,3957,950.471.4742x93,2025-04-02 19:33:52
3322,3396,(613)440-2384,2024-05-22 11:02:25
3389,7023,729.365.9793x78,2024-12-05 19:56:08
3576,9250,387.528.2286x58,2025-04-24 16:16:50
3676,3818,9825542953,2024-09-06 08:18:05
3688,5742,6246395861,2024-08-10 02:53:14
3696,4793,+1-801-931-7646,2024-12-27 10:43:56
3704,2358,532.985.3925x74,2024-12-03 21:12:44
3712,7134,819-569-1270x73,2024-11-11 01:05:57
3854,9634,(830)464-4275,2024-09-21 09:43:34
3918,3129,696-484-2091,2024-06-12 12:18:07
3995,5786,(294)886-8763x2,2024-07-20 06:16:10
3996,3748,423.909.4701x07,2025-03-06 07:48:36
4006,2749,457-860-8123x56,2025-04-21 20:53:13
4118,732,240.754.1111x65,2025-03-26 12:32:34
4251,2032,(903)225-4158x4,2024-09-03 08:01:22
4338,7672,739-345-8416x94,2025-04-10 04:03:16
4339,1169,9948911086,2024-09-23 02:44:41
4422,3396,872.477.0180x03,2025-01-09 17:30:57
4507,7729,274.875.5977,2025-04-07 07:48:33
4617,6994,600-967-4863x23,2025-03-22 09:33:58
4633,867,707.919.2597x99,2024-06-07 20:53:22
4698,8168,927.438.2000x11,2024-10-05 14:45:54
4717,2973,585-645-6870,2024-09-24 16:49:57
4791,9011,+1-625-959-1124,2024-11-21 20:28:06
4848,3396,888.455.9700,2024-05-30 05:33:47
4906,2749,269-490-7390,2024-07-28 03:50:17
4962,2032,(724)945-0704,2024-12-26 10:48:41
5401,9574,(454)720-2774,2024-06-05 08:13:31
5450,7023,224-669-5498,2024-12-14 21:49:25
5477,4679,590-406-9748x22,2024-07-02 04:28:29
5480,7729,+1-363-738-2230,2024-05-03 05:53:46
5510,7134,543.384.4177,2024-11-17 20:38:16
5516,2032,255-429-5074,2024-09-18 02:36:51
5604,5742,+1-864-201-1242,2025-03-28 12:00:39
5652,3957,953-404-8031,2024-10-31 18:49:29
5711,5742,(664)861-0888x0,2025-01-01 07:28:42
5770,5786,+1-235-963-1884,2024-12-08 09:46:16
6034,7134,591.242.0181x43,2024-10-19 07:02:34
6127,1169,+1-712-377-6042,2024-11-13 13:39:00
6232,3748,3803092497,2024-07-29 01:28:59
6311,5786,(438)809-9374,2025-03-28 17:00:15
6384,6994,324.758.4471x88,2024-08-17 18:33:29
6412,3129,725-467-3874x59,2025-04-20 19:25:10
6480,1169,720.932.1910x47,2024-11-02 14:58:38
6513,6994,(967)825-7058x7,2024-10-20 14:55:30
6630,7134,554.300.5662x74,2024-05-07 20:29:41
6670,3396,+1-893-899-2327,2024-09-01 15:50:16
6695,2358,+1-422-948-3263,2024-11-26 10:52:52
6752,9399,+1-241-528-7381,2024-12-15 07:24:28
6769,9613,295-720-3966x48,2024-12-18 09:53:04
6936,9613,(508)607-7203x2,2024-07-11 15:49:20
6937,9613,430-885-4520,2024-06-02 01:46:21
6982,3129,267.405.6643,2024-07-14 08:37:51
7041,8863,752-275-5389x60,2025-04-07 06:57:08
7054,4499,+1-209-622-6344,2024-12-14 19:51:15
7055,8260,3798443793,2024-10-15 09:25:32
7175,4499,716.320.4690,2024-07-13 19:17:15
7208,9250,(894)859-2377x1,2025-03-30 11:55:11
7281,9975,(754)835-5660,2024-09-02 22:53:08
7372,2973,001-357-737-470,2025-02-10 00:06:22
7388,7023,317-200-1158x95,2024-08-28 08:47:19
7751,9250,001-374-203-666,2024-09-25 04:56:18
7769,7729,3873206044,2024-12-04 18:57:38
7829,6660,362-492-6664,2024-08-30 21:12:17
7904,6660,001-239-399-825,2025-02-01 01:28:50
7938,2358,882-897-7350,2024-08-31 20:22:27
7947,7729,(644)300-2501,2024-08-30 20:24:26
8089,9399,625.410.7215x16,2025-04-15 14:16:40
8107,3950,206-581-1103,2024-06-18 18:38:41
8230,9399,800-793-2556x77,2024-12-22 20:00:58
8377,9250,(727)557-5376,2024-05-20 14:24:44
8449,2358,+1-356-718-9767,2025-02-17 23:07:37
8577,8260,(204)387-7370x9,2024-11-08 06:48:36
8601,9011,(229)328-9245x6,2024-07-27 03:02:37
8605,9011,+1-483-967-7094,2024-05-18 16:35:19
8672,9250,001-649-351-560,2024-12-23 20:50:15
8721,8168,+1-728-302-7232,2024-08-14 02:41:41
8945,3129,(762)891-8862x0,2024-07-20 06:59:29
8978,9975,521.710.5175x58,2025-03-02 17:08:11
8984,9011,712.374.8304x21,2024-05-29 00:16:45
9085,4433,421.978.5482,2024-10-08 17:40:35
9218,7023,001-605-252-572,2024-10-17 17:16:47
9337,9574,4228090655,2024-06-16 22:02:59
9486,3957,275.697.5657,2024-10-26 23:07:19
9515,8260,6885255088,2024-08-09 16:28:49
9552,5111,001-915-973-533,2025-01-17 05:51:28
9571,9250,977-638-2120,2024-06-25 12:38:36
9671,9011,358-738-5316x08,2025-04-12 21:01:45
9811,2749,001-928-912-972,2025-03-12 06:10:06
9843,3950,001-656-236-858,2024-05-18 20:38:44
9912,2358,(287)992-5702x8,2024-06-10 12:58:50
9920,8168,9279426974,2025-02-15 10:12:57
10012,5742,+1-489-645-6745,2025-04-11 03:37:38
10019,8260,(917)314-2211,2024-09-09 22:33:42
10059,2973,3177267926,2024-07-19 20:17:54
10090,6994,704-944-4483,2024-10-27 19:20:26
10157,9634,706-231-3620x77,2024-12-11 07:15:14
10213,6660,646-364-1264,2024-12-20 06:23:28
10387,7729,+1-933-862-9413,2024-05-16 04:25:04
10450,7134,(913)911-6983x6,2024-10-21 17:08:33
10458,8863,+1-431-256-3658,2024-12-03 17:22:42
10460,5742,5949751117,2024-06-09 16:45:29
10496,3748,651-244-7744,2024-10-02 21:14:15
10606,4679,+1-553-468-0852,2025-02-24 20:48:23
10696,7672,769-809-2827,2024-12-04 19:19:07
10754,3957,(751)953-3833x1,2024-10-24 14:25:36
10804,5111,(290)949-2985x5,2025-04-24 00:15:14
10869,7023,001-435-499-247,2024-07-14 17:49:49
10930,9011,887.448.4112x23,2024-07-22 09:28:32
10981,9399,001-496-390-675,2025-01-06 10:12:27
11080,6994,559.492.0693x46,2024-09-28 07:19:46
11111,4679,282.813.7304x28,2024-09-14 10:56:15
11262,3396,(456)600-4289x1,2024-10-13 18:53:38
11505,3396,288-300-5301,2024-07-04 04:43:40
11518,3396,432-445-8228,2024-11-10 21:59:43
11593,8168,813.998.3283x15,2024-08-24 18:56:29
11716,9975,001-603-635-692,2024-09-23 04:20:42
11768,9975,(494)827-8107x5,2025-01-07 09:04:15
11786,9399,896-374-0754x93,2024-08-05 21:08:24
11868,8171,412.246.3601x60,2025-01-24 02:36:09
11871,7134,001-617-862-245,2024-12-02 13:10:29
11991,5786,001-279-747-643,2024-09-26 11:02:12
12017,3396,(446)580-6492,2024-10-09 11:17:00
12183,732,001-599-268-184,2025-02-16 02:59:51
12208,8404,583-885-9342x00,2025-04-07 23:42:26
12336,4499,203-238-2787x01,2024-05-10 13:42:19
12402,732,7997658883,2024-06-28 15:14:12
12414,3129,+1-261-416-3008,2024-05-16 15:12:42
12442,3950,696.284.8674x54,2025-01-27 05:14:39
12502,9975,(893)494-3247x6,2024-08-09 17:25:17
12518,9399,(838)991-2743,2024-07-11 15:17:42
12529,3818,001-458-496-719,2024-07-13 11:11:26
12538,1169,495-759-2394x13,2025-01-11 16:40:18
12539,7672,001-733-295-330,2024-06-08 03:00:21
12585,7134,001-382-327-693,2024-08-14 15:00:26
12709,5645,001-248-591-780,2024-05-11 17:29:56
12712,732,001-767-691-375,2025-04-14 12:45:04
12746,3129,001-272-570-534,2024-05-20 22:34:53
12748,5645,001-745-511-815,2025-04-28 13:43:37
12756,8404,(243)701-3774x2,2024-07-04 04:56:51
12906,6994,001-676-987-394,2024-08-18 21:12:20
12930,2032,483.868.4355x57,2024-11-06 17:49:29
12947,2973,498.562.7455x78,2024-09-19 20:23:18
12969,9634,(287)513-2571x8,2025-01-01 18:04:34
12999,3818,+1-973-940-2882,2024-06-26 19:31:46
13068,9634,001-562-787-262,2024-07-08 06:57:43
13109,3957,001-677-985-292,2025-03-15 17:37:38
13205,2973,964.955.7741,2025-01-25 15:48:25
13237,3957,6562958290,2024-12-17 22:54:07
13262,5742,9076129554,2024-06-06 13:27:42
13287,2973,765.575.9250,2024-11-21 09:27:14
13301,2749,301-814-5343x02,2024-08-31 07:37:54
13381,3396,431-998-8951,2024-11-04 14:34:55
13414,2032,925-459-9287x93,2024-09-15 17:54:12
13447,8863,(861)428-7172x9,2024-10-29 10:07:49
13576,3957,(809)866-8190,2024-09-01 12:30:29
13590,1169,9533061632,2024-10-10 01:28:53
13594,4499,+1-871-384-9733,2025-03-02 11:35:37
13606,8404,956-386-6630x00,2024-10-11 20:14:35
13615,1169,5724100739,2024-10-12 05:55:30
13622,3818,+1-948-863-5071,2025-04-28 11:46:25
13748,9399,(493)320-4051x1,2024-09-23 22:51:22
13807,9975,+1-655-827-5873,2024-09-13 21:19:58
14042,3748,284-469-1827x29,2024-09-17 16:15:35
14130,4793,+1-778-834-7413,2024-08-03 00:54:10
14252,8404,001-426-324-500,2025-04-10 05:41:51
14267,867,250.343.6692x62,2024-06-10 18:55:48
14285,7134,(792)982-2440,2024-12-23 13:01:42
14302,2358,001-992-931-184,2025-02-05 18:38:27
14318,5645,671-442-9867x45,2025-02-24 12:29:47
14342,2749,(681)267-8731,2024-08-28 18:15:14
14344,4793,+1-951-483-8520,2025-04-22 09:40:09
14366,9634,001-391-541-463,2024-12-17 22:01:28
14481,8168,001-293-869-835,2024-11-23 01:59:47
14611,9574,+1-975-301-8594,2024-05-14 05:01:30
14727,4499,001-992-302-316,2024-09-24 14:06:08
14766,2749,(361)474-2547x5,2024-11-11 06:47:05
14774,732,(722)520-9822x9,2024-08-31 01:36:53
14790,5742,001-515-518-680,2024-09-20 17:28:35
14812,867,664-595-1827x53,2024-08-02 20:51:13
14859,2749,986-498-8460x03,2025-01-25 04:03:01
14933,3748,(465)201-5831,2025-03-27 08:20:31
15003,8171,+1-388-725-9706,2025-04-01 19:21:38
15150,2358,001-667-937-262,2024-05-02 15:49:26
15239,8171,434.855.8711x94,2025-01-15 17:17:24
15285,5111,(878)779-4510,2024-12-18 13:49:29
15414,3748,+1-965-424-3175,2025-02-25 16:52:09
15690,6660,+1-564-923-3623,2024-10-27 09:18:41
15895,867,(979)806-6016,2024-06-25 19:02:29
15943,7729,759.334.7574x88,2024-05-16 13:36:54
16096,4433,001-970-443-136,2025-03-10 06:14:37
16154,3396,656.797.6107,2024-12-03 20:05:35
16203,8168,(248)702-9973x6,2024-09-18 00:38:11
16395,7729,(511)364-9366,2025-02-04 16:29:42
16500,8863,800.607.6489x67,2024-05-15 07:27:58
16537,6994,253-461-2663,2024-07-12 06:33:54
16666,2749,739.425.1218,2024-08-27 05:59:26
16669,2973,972-394-5217x16,2024-05-21 01:01:28
16680,2358,517.673.7531,2024-10-28 13:40:40
16756,3950,(908)356-6912x3,2025-02-26 08:29:46
16935,9975,894-970-9646,2025-01-09 00:16:51
16954,9634,001-944-787-888,2024-11-13 08:33:14
17106,3957,9702461381,2025-03-07 07:27:54
17159,9399,(803)497-0776x0,2024-06-20 04:44:05
17219,7134,474.270.6513,2024-09-04 23:52:26
17342,2358,777.957.2308x71,2024-08-14 05:23:41
17396,2032,+1-305-319-9380,2024-07-28 20:16:16
17404,3957,403.414.6614,2025-02-12 06:17:06
17434,7134,+1-989-655-3469,2025-03-01 06:45:00
17470,6994,234.462.1992,2025-04-19 05:03:46
17483,3748,001-830-718-966,2025-03-04 07:22:16
17523,5645,550.639.8852x86,2024-09-02 13:35:37
17536,2358,001-726-288-619,2025-02-28 02:04:02
17606,732,903.837.8996x21,2024-09-21 02:06:56
17607,9250,001-949-900-924,2024-08-27 04:20:21
17703,4433,899-729-7957,2025-02-11 02:07:16
17746,8863,781-698-1721,2025-04-07 17:26:41
17773,7729,+1-487-594-3833,2024-06-29 12:26:42
17781,2358,317-325-7903x87,2024-07-06 01:24:37
17904,6994,001-919-459-023,2025-04-24 12:47:26
17928,6994,958.609.7859,2024-10-04 14:15:56
17985,5786,463.528.3567,2024-07-08 03:50:48
17987,7134,4385627159,2025-04-23 14:46:06
17998,7729,+1-721-687-3149,2024-05-07 23:36:30
18004,8171,933-903-1212,2024-08-07 21:59:08
18010,8863,3595919183,2024-07-18 02:35:02
18029,9011,365.205.5680,2024-08-22 16:26:17
18061,9574,686-330-0457x73,2024-11-20 14:29:01
18076,9975,001-776-522-934,2024-12-19 12:44:43
18093,5645,001-341-218-625,2025-01-28 11:20:26
18167,4793,823-713-2547x88,2024-11-03 09:45:05
18194,6994,001-778-538-479,2024-07-17 11:12:14
18210,8260,893.437.2462x98,2024-11-07 04:57:12
18229,7134,796.518.6355x42,2025-03-24 00:37:50
18445,2749,827.640.1080,2024-09-20 18:34:47
18447,4433,232.563.4231x95,2025-01-29 18:13:13
18552,9613,869.704.0568x15,2025-04-29 04:52:17
18568,8260,+1-515-659-2555,2025-01-10 07:24:35
18638,9011,+1-549-352-2179,2025-04-17 09:16:39
18670,5742,(246)241-3241,2025-04-21 06:36:54
18701,9011,5947527556,2024-06-30 01:28:12
18730,2032,001-395-708-377,2024-04-30 00:11:56
18928,2032,(394)612-7488,2025-03-12 12:56:26
18966,3950,862-957-0153,2025-04-23 22:30:08
18971,4793,(255)898-7236x6,2024-10-09 00:15:43
19036,3129,001-904-204-130,2024-10-29 04:04:18
19039,4499,+1-768-227-4565,2025-03-24 04:59:55
19218,6660,711.806.0837x02,2025-03-03 10:29:38
19226,867,439-565-0279x37,2025-04-11 07:17:27
19258,3957,(526)899-4757,2024-11-25 13:35:05
19411,3957,+1-571-897-2953,2025-02-22 09:26:42
19419,4679,829-227-4222x08,2024-09-03 03:27:27
19443,9613,985-498-6320x12,2024-10-23 14:51:56
19507,7023,(900)863-6721x5,2025-04-12 18:31:09
19519,8171,741.674.3695x87,2024-12-12 09:20:04
19617,7672,844.236.2655x82,2025-02-25 17:54:49
19735,5786,613-398-2003,2024-11-07 20:31:34
19805,7023,+1-299-380-1203,2024-09-27 19:05:09
19810,4499,+1-586-435-8531,2024-09-03 11:19:45
19852,3950,(439)272-5227,2024-10-06 08:52:33
19853,7134,001-885-549-497,2024-09-19 21:00:32
19921,3818,334-512-3425x96,2025-01-29 04:28:25
20000,8171,243.983.0863x70,2025-02-24 07:38:33
20024,3950,787.545.2979x05,2024-09-14 15:12:20
20044,9399,511.203.0011x02,2024-05-29 00:31:36
20081,5786,528-932-5230x37,2024-12-15 21:18:20
20119,8863,262-507-4089,2024-06-14 19:12:24
20133,1169,222.851.7424,2024-05-18 13:10:56
20146,6994,001-705-864-747,2024-07-20 18:47:03
20155,8863,001-667-424-451,2024-12-17 21:45:25
20167,2032,513-674-2128x42,2025-02-20 19:04:56
20185,9250,(340)229-3371x9,2024-08-03 16:46:34
20306,9613,471.482.6694x32,2024-05-16 19:27:09
20321,3950,276-990-3658,2024-05-10 04:08:41
20333,2973,721.346.9731,2024-07-11 21:09:01
20340,6660,408.586.9602x16,2024-10-11 17:10:40
20409,3129,996.644.7321x71,2024-09-02 14:09:25
20428,7729,770.330.1690,2024-12-27 14:32:14
20563,3818,749-555-1540x27,2025-02-27 12:54:12
20565,5645,289-790-5592,2025-04-22 07:03:26
20712,7672,+1-928-586-5812,2024-09-29 17:40:11
20721,7729,(688)571-6942x4,2024-08-26 07:58:53
20798,1169,001-278-963-455,2024-07-10 13:46:26
20883,5742,(383)827-8654x0,2025-04-26 14:48:28
20901,8168,(351)435-8800x5,2024-11-26 08:20:08
20907,8404,(929)225-6162x7,2025-01-07 09:20:10
21009,3129,884-998-0129,2025-02-03 09:06:09
21278,9399,304-930-1445,2024-06-03 04:29:01
21464,2973,775.675.5463x63,2024-08-16 12:52:20
21521,867,+1-919-529-3960,2025-03-04 10:12:01
21638,9975,320.456.3156x55,2024-10-08 23:53:01
21644,2358,921-217-0917x71,2025-04-10 02:51:07
21686,8171,+1-727-964-4813,2025-04-12 23:03:23
21745,3957,707-299-2006x71,2024-12-03 19:07:28
21811,5111,001-724-968-831,2024-05-26 10:29:24
21839,5111,639.667.8960,2025-02-19 07:17:46
21889,4679,5803911889,2025-04-03 13:51:50
21919,5645,+1-504-491-9640,2025-03-16 02:00:33
21956,6660,805.583.0918x47,2024-10-27 02:38:29
22029,7729,603.424.0076x42,2024-10-18 17:17:00
22041,3957,+1-364-539-8507,2024-07-28 05:58:41
22110,2749,812-306-9304x15,2025-03-05 07:50:41
22159,2973,7604911800,2024-08-15 05:41:35
22352,5786,+1-539-911-3577,2024-07-07 17:10:07
22370,9975,476.549.1104x44,2025-03-28 07:23:57
22426,2032,+1-839-328-6369,2025-01-27 13:14:33
22441,2032,945.975.7185,2024-08-04 07:29:13
22495,9399,+1-562-601-5693,2025-04-01 14:03:42
22497,7672,+1-462-347-2257,2024-07-25 02:52:06
22502,8168,(985)938-9446x1,2024-12-09 03:58:57
22508,9011,001-991-214-830,2024-10-23 15:14:44
22528,867,671.515.0648,2025-04-18 10:10:04
22542,732,278.661.1241x92,2024-10-09 20:12:24
22670,8404,+1-802-436-3749,2024-11-03 04:08:10
22681,9399,(619)547-5294x6,2025-02-02 17:35:57
22745,3748,8137633670,2025-01-23 08:57:07
22861,4433,926.312.6972x31,2024-08-27 16:19:52
22866,9011,001-748-468-914,2025-04-19 01:52:20
22934,2032,001-428-391-496,2024-10-27 13:46:21
22953,4433,(247)272-2504x0,2024-05-06 03:27:38
22964,4433,266-472-4577,2024-05-14 04:46:14
23186,9574,214.430.8792,2024-06-16 15:54:51
23239,8863,(800)654-3373,2025-03-11 06:55:33
23321,6994,(272)722-9913,2024-04-30 05:35:54
23380,5742,001-746-357-548,2025-04-27 06:13:51
23473,7672,971-638-7054,2024-07-02 17:21:42
23493,5645,253.342.4780,2025-01-08 12:57:50
23638,867,+1-238-327-6352,2024-09-05 19:37:49
23639,9613,(828)542-3018,2025-02-02 15:02:58
23670,8260,(360)923-7805,2024-06-28 20:25:14
23711,9011,001-326-494-688,2024-11-20 06:50:56
23735,732,346.275.4153,2024-11-21 15:21:43
23788,8404,+1-825-810-2345,2025-04-26 15:07:21
23797,9634,(928)470-9120x5,2024-06-06 05:42:13
23806,2749,001-917-321-427,2025-02-02 03:42:31
23834,4679,(613)641-6782,2024-07-31 10:46:01
23935,8168,893-821-3378x86,2025-02-12 23:55:05
23939,9613,621.550.2943,2025-01-17 04:26:17
23992,8260,+1-647-895-9392,2025-02-15 10:27:43
24001,4499,7822275205,2024-05-03 23:14:46
24002,9399,509-316-1244,2024-08-20 23:42:17
24135,2973,396.839.4170x23,2025-02-21 21:58:15
24145,2749,(759)492-3424x4,2025-01-20 09:28:13
24374,3396,938.658.7588x40,2024-05-25 13:27:24
24494,5786,+1-940-892-3289,2025-04-02 08:51:52
24542,2358,001-706-458-927,2024-11-23 05:19:01
24549,8168,001-292-656-569,2024-05-09 01:43:30
24588,4793,001-818-304-573,2025-02-06 01:17:05
24595,5742,(388)538-7690,2025-01-24 21:05:17
24612,9634,769-574-8754,2024-11-05 02:45:59
24670,7023,396-962-7707x04,2024-07-15 16:42:10
24677,7023,(540)385-7051x8,2024-06-16 12:12:11
24683,4433,771-895-1326,2025-01-11 01:57:16
24738,5645,955-340-9972,2024-08-08 11:13:20
24772,3748,277-401-6791x01,2024-09-05 04:54:48
24818,7729,(405)631-1866x3,2024-09-04 03:21:09
24919,4679,+1-299-638-8062,2024-07-26 04:13:28
24983,6660,389.875.3360x68,2025-01-22 13:00:50
25132,9011,511.975.3096,2024-12-13 09:13:53
25246,1169,331-869-2539x56,2024-12-26 04:10:10
25291,8404,(483)214-1056,2024-12-06 07:10:17
25391,9399,481.879.9347x45,2025-01-31 06:47:23
25613,4793,(229)773-2337x9,2024-07-31 17:11:20
25630,2749,579-802-9159x69,2024-11-04 01:01:02
25631,2358,001-654-337-269,2024-05-18 23:12:05
25662,3129,(446)993-3366,2024-10-26 20:17:58
25681,3748,524.375.5054x28,2024-12-03 00:02:46
25726,2358,001-308-885-441,2024-08-07 02:46:35
25773,9574,581-801-0763x93,2025-01-11 05:03:20
25784,9634,665.997.1645,2025-01-20 23:09:25
25801,6994,+1-646-236-3367,2025-02-09 06:15:29
25933,5645,502.765.0426x50,2025-01-21 20:56:42
25950,8171,507.277.2051x95,2024-08-04 21:07:26
25993,9634,835-676-4882,2025-04-25 08:19:42
26022,1169,9503421562,2025-02-07 08:46:25
26041,8171,+1-918-294-7713,2024-05-02 06:01:46
26140,9634,+1-850-594-3820,2025-02-16 13:31:42
26250,9250,380-711-1126x37,2024-12-31 00:16:07
26252,7729,(353)638-2945,2024-08-10 03:25:13
26287,4793,447-362-6976,2024-11-23 19:25:51
26338,3957,6019174654,2024-12-22 00:09:44
26376,732,972-430-7471x69,2024-07-28 17:19:53
26391,9399,331.323.0424,2024-07-27 15:55:48
26485,7672,(910)792-5259,2024-11-21 09:48:01
26499,7023,001-382-402-442,2024-10-12 02:13:36
26595,1169,499.986.8166,2025-03-07 00:57:32
26680,6660,001-409-828-223,2024-10-08 17:32:42
26701,732,(804)257-7974x5,2024-07-01 08:17:29
26796,9574,6127818882,2024-06-12 12:43:46
26825,4499,2505417749,2024-11-27 17:42:41
26892,2358,(526)472-4607,2025-03-30 18:59:46
26899,8260,610-663-8808x34,2025-01-09 16:09:17
26967,4499,+1-911-503-0852,2025-03-31 07:25:21
27021,5786,(216)380-6482,2024-07-10 06:22:36
27099,5786,(339)959-5851x3,2024-11-09 03:16:01
27279,8404,669.367.3927x99,2025-01-29 15:30:42
27353,9399,975.346.2908x18,2024-10-21 15:16:10
27416,2749,(496)885-4015x3,2024-06-03 09:04:26
27435,8168,823-634-8442,2024-09-29 04:20:58
27444,8171,+1-964-594-2787,2024-08-23 09:37:53
27524,6994,+1-636-567-8427,2024-07-12 03:58:52
27641,3818,474-629-3071x99,2024-08-17 03:51:02
27674,8168,254-602-2089x01,2025-03-14 01:03:39
27762,5786,001-744-201-885,2024-11-23 06:46:04
27909,6660,434-831-8294x84,2024-09-16 08:30:29
27967,5111,+1-548-963-4755,2024-12-24 00:09:27
28006,2032,001-672-599-114,2024-12-23 17:58:25
28010,2032,687.660.6567,2024-10-23 07:48:26
28072,732,449-322-4876x32,2024-08-30 11:07:47
28110,9574,001-673-330-395,2024-05-28 07:25:22
28233,7729,586-569-3866,2025-02-02 18:00:34
28244,9975,640.892.9986,2024-08-08 19:38:03
28324,5111,3157191704,2024-11-29 04:33:08
28510,5786,495-569-2487x80,2025-02-24 05:39:29
28718,7134,001-323-641-209,2025-04-06 07:04:36
29012,9250,+1-700-622-5284,2024-12-05 12:56:12
29017,4499,001-489-253-203,2024-07-16 05:59:18
29020,6660,770.303.2470x59,2024-08-23 12:03:28
29120,2358,+1-315-324-8019,2024-10-04 14:06:26
29182,2032,(229)782-0533,2024-11-08 06:47:59
29232,4793,626-770-7235x66,2024-07-26 16:57:26
29249,7134,905-482-9846x83,2024-05-15 07:41:50
29293,732,+1-381-886-0216,2024-08-11 01:52:06
29356,5111,+1-925-630-7983,2024-06-19 16:02:28
29411,6660,(673)679-6731,2024-09-14 22:08:08
29419,2358,351-638-7873x89,2024-06-12 06:40:15
29459,4433,(931)359-5486x6,2025-04-21 13:02:48
29474,9975,561.971.3462x69,2025-03-14 01:27:49
29531,6994,6055890723,2024-07-12 02:53:23
29781,3957,(785)547-7121x1,2024-12-03 13:27:36
29836,2032,252-286-1135,2024-12-22 12:49:55
29837,6994,4844102061,2024-04-30 07:44:37
29901,9975,(970)589-6085x0,2024-12-16 11:22:02
30250,9634,+1-439-346-8653,2025-02-15 10:15:21
30603,2973,(739)464-8540x2,2024-12-21 06:18:44
30617,5742,645-596-6757x76,2025-02-05 08:52:12
30618,2032,832.531.1224x77,2024-07-29 13:38:16
30632,7023,(399)981-3099,2024-12-27 21:02:06
30667,3957,232-673-1387x67,2024-09-01 20:58:29
30675,8404,+1-531-362-2713,2024-08-31 18:25:08
30690,732,3929157928,2024-12-27 05:36:46
30758,7023,420-770-7174x57,2025-02-09 23:27:55
30787,8171,(883)520-4669x3,2025-03-09 00:27:14
30821,5742,926-879-1239x53,2024-11-13 08:02:20
30874,3396,001-946-656-940,2024-12-09 18:19:50
30895,9975,524.273.8568x84,2024-06-06 02:38:42
31024,3950,(598)239-6244x1,2024-08-11 09:28:39
31047,2032,+1-563-300-8140,2024-10-21 22:43:25
31140,3950,690-997-9928x01,2025-02-25 12:00:56
31171,8404,927.564.7937x50,2025-02-21 18:24:16
31550,8260,489.955.7403x30,2024-10-01 04:05:06
31580,4679,+1-294-345-5828,2024-12-20 00:53:49
31584,8404,(395)766-9731x8,2025-03-20 19:15:42
31624,8404,+1-427-690-4905,2025-04-09 00:01:50
31687,2032,+1-391-848-4722,2024-10-15 01:56:31
31816,8863,001-340-612-952,2024-12-26 13:18:02
31862,3396,001-755-854-179,2024-09-26 22:08:56
31873,9574,584.673.2124,2024-11-22 13:39:16
31944,9011,734-906-4525x69,2024-05-01 22:55:37
31990,9574,260.227.2233x17,2025-01-03 19:51:42
32214,3957,520.714.0391x67,2024-09-09 23:14:13
32228,3396,207.224.5171,2025-04-01 16:05:05
32284,8168,(339)280-1143,2024-10-15 03:43:30
32289,7134,6985834456,2024-06-23 01:59:38
32299,2358,8904299016,2024-10-19 03:56:06
32304,7729,433-419-7986x70,2024-09-04 17:01:16
32423,9011,902.999.1207x75,2024-08-26 05:02:29
32431,8168,280-660-6580,2025-02-07 04:45:08
32445,4679,(422)355-1730x0,2024-11-13 10:37:11
32546,7672,2243939631,2024-10-13 21:29:28
32556,9399,4159442261,2024-12-20 23:47:14
32636,3748,630.871.6577x27,2024-10-21 14:44:03
32666,2749,281.487.8701,2024-08-27 18:04:07
32753,9399,802.200.2644,2025-01-10 22:32:56
32880,9634,(484)747-1511x7,2024-08-09 11:33:21
32891,8171,581.398.5660,2024-12-18 21:04:42
32907,9011,630.387.3109,2025-01-03 19:44:54
33003,9399,335.666.2863x73,2024-11-29 22:46:27
33009,5786,690.491.6486x10,2025-03-01 01:15:50
33092,9250,(573)250-0345,2024-06-29 05:46:57
33144,9574,+1-354-658-5811,2024-12-09 17:04:14
33158,9975,278.615.3684x49,2024-09-27 21:45:48
33221,4679,+1-694-681-8615,2024-10-09 14:12:20
33320,4793,+1-865-661-7710,2024-10-28 03:12:54
33335,3396,+1-640-697-6971,2024-12-10 22:34:16
33468,2973,769-267-8061x07,2024-09-15 00:05:14
33483,9613,001-594-257-426,2024-11-22 14:04:57
33484,7023,798.908.1389,2024-11-30 07:38:14
33547,3748,+1-357-358-2689,2024-10-20 18:23:38
33578,9613,001-658-845-305,2025-04-26 14:16:13
33675,7023,+1-942-341-2224,2024-04-30 18:30:03
33694,4679,+1-464-960-3373,2024-12-12 20:08:56
33709,5111,+1-390-571-7681,2025-03-11 18:50:57
33739,4433,(598)797-3553,2024-09-05 17:13:39
33749,7729,(614)716-7697,2024-09-10 04:33:35
33807,8168,230-375-2397x76,2024-09-15 16:23:41
33868,8168,(547)261-4316,2024-05-31 13:48:03
33955,9975,371-762-3380x14,2024-06-08 08:43:04
33992,732,6603568482,2024-09-12 03:18:08
34022,3129,236.953.2358x18,2024-05-06 18:14:01
34102,3950,+1-221-338-6585,2025-01-13 04:03:08
34453,3129,470-941-4597,2024-10-30 00:30:00
34483,6660,4894515223,2024-10-15 00:47:28
34511,6660,001-574-762-287,2025-02-14 09:01:18
34515,6660,398.731.8311x01,2024-11-04 01:15:31
34576,8404,(817)751-0123x1,2025-02-20 09:08:53
34615,5645,(840)379-1224,2025-04-08 00:31:18
34626,3748,9183467039,2024-12-11 21:42:43
34915,2032,769-209-8939,2024-09-04 05:24:32
35041,2749,(577)347-7739,2024-10-26 09:49:42
35095,9574,640-235-7806x11,2025-02-03 02:57:02
35107,3396,765-391-3491x17,2024-11-07 19:28:26
35115,5742,+1-869-390-8946,2024-11-11 15:16:54
35161,2749,488.298.9205,2025-03-07 09:05:51
35169,8171,801-835-4725x96,2024-06-29 19:15:23
35214,8171,+1-608-256-9054,2024-12-01 07:19:00
35234,4433,512.342.0599x05,2024-08-30 04:21:29
35296,3748,001-234-736-016,2024-07-08 19:18:27
35320,3950,408-247-8346x94,2025-02-10 17:03:10
35324,4433,+1-923-884-4055,2024-09-15 23:28:19
35364,7672,2143936505,2024-05-03 04:53:04
35419,8171,908-959-1794x27,2024-07-25 16:09:59
35754,3818,+1-566-831-6371,2024-10-13 08:54:50
35761,2973,001-446-936-096,2024-08-30 23:28:11
35793,5645,800-513-7171x57,2024-06-23 21:52:27
35835,8863,001-662-781-815,2024-12-18 06:35:03
35977,5645,379.417.5458,2025-04-01 22:39:13
36066,4499,961-558-9739x03,2025-03-02 08:10:05
36223,9011,309.307.3728x50,2024-12-22 14:57:55
36250,7729,3625143793,2024-05-14 17:55:42
36315,5786,001-906-601-926,2024-07-23 14:28:40
36334,8404,898-706-5417,2024-07-19 14:06:04
36342,2032,(201)296-7704,2024-08-15 23:32:46
36438,8260,+1-209-631-9339,2024-08-15 10:22:14
36506,7672,276.757.2250x78,2024-11-09 12:31:39
36553,2749,887.267.2665x39,2025-01-28 00:22:26
36692,9634,734-908-2208,2025-03-23 02:23:13
36704,9011,598-888-4178x79,2024-10-11 10:20:46
36756,7023,765-599-6099x55,2024-06-18 01:49:07
36768,8260,001-360-964-632,2024-11-20 08:13:37
36782,3396,(680)432-2527x6,2024-09-18 01:58:21
36867,5786,(801)717-0772x9,2024-08-21 13:53:07
36877,732,3802586568,2024-10-02 08:50:00
37088,8171,967.563.7393x59,2025-04-18 01:47:52
37229,867,001-867-282-276,2024-11-18 09:21:37
37381,3957,001-887-479-850,2024-12-24 08:24:08
37434,3129,273.211.2193x85,2024-12-05 03:20:26
37497,6660,(861)727-9679,2024-10-28 20:38:15
37514,4679,+1-631-709-3224,2024-07-23 19:14:45
37660,9975,001-418-912-469,2025-02-27 01:27:02
37716,3396,(407)635-1864x5,2024-10-26 14:26:22
37721,8171,+1-882-734-6874,2024-10-09 15:37:35
37875,5645,+1-813-271-9186,2024-11-22 12:39:22
37909,9613,(504)580-2999,2025-01-10 19:27:44
37982,2358,001-327-538-443,2024-09-18 01:19:45
37987,4793,633.815.1347x62,2024-08-08 17:58:39
38043,6994,885-264-4194,2024-11-02 03:51:25
38095,3818,(398)911-2768x9,2024-10-21 12:05:08
38105,8404,(701)741-9450x3,2024-12-26 04:53:54
38147,5786,+1-272-593-3973,2024-07-27 07:51:57
38179,7729,(515)551-9157,2024-07-23 21:53:41
38216,9574,211-512-0928,2025-04-20 22:56:06
38265,4499,5352221312,2024-10-28 18:07:08
38348,5645,(427)368-8847x8,2025-03-27 00:04:14
38457,4499,(393)957-1442,2024-10-17 23:26:43
38618,6660,534.454.6697x50,2024-12-04 21:28:42
38631,3818,(590)639-7744,2024-09-17 06:49:01
38650,9399,001-608-526-034,2024-10-01 19:06:21
38683,3129,001-282-563-056,2025-04-23 07:11:23
38706,8863,630-550-0419,2024-06-24 04:40:34
38708,3129,448-433-8016x89,2025-02-16 23:02:19
38782,7672,458-321-8356x23,2024-12-04 07:50:11
38833,3748,001-785-823-883,2025-02-13 07:36:49
38851,7729,001-473-805-811,2024-08-16 20:54:22
38939,4499,+1-707-976-8490,2024-05-24 18:54:12
38979,5786,+1-942-954-6721,2025-02-19 12:48:38
39007,7672,484.958.5688,2024-06-27 00:04:03
39076,3748,268-833-7449x68,2025-01-21 12:13:55
39143,3950,001-875-954-847,2024-09-21 11:05:31
39150,5742,001-550-928-917,2024-11-29 02:11:51
39397,8168,001-429-838-616,2024-06-25 04:55:41
39565,5645,520-604-6318x93,2024-06-21 15:54:09
39658,4433,2772874020,2025-02-15 19:16:54
39687,4433,+1-883-790-3905,2024-07-16 14:03:33
39716,7023,(694)275-2477x2,2024-10-15 21:27:34
39728,6994,001-781-686-799,2024-09-06 10:59:23
39807,6660,202-847-6106,2024-07-25 02:21:00
39863,4679,(852)363-9792x2,2024-07-17 15:02:57
39872,5786,636-378-5262x60,2025-01-16 12:29:32
39892,9011,690-595-6874x31,2024-10-02 07:46:54
39959,5111,(551)638-5442,2025-04-11 22:03:10
39978,3748,379-220-2616x32,2024-12-14 21:44:17
40001,8863,(557)562-4568x2,2024-08-20 10:50:23
40041,4793,+1-616-373-2962,2024-11-10 14:55:16
40049,5111,(936)325-3165,2024-08-24 12:51:44
40155,8260,001-529-576-619,2024-09-16 00:40:39
40160,8404,001-699-302-999,2025-02-19 09:06:37
40274,4679,001-796-490-688,2024-08-02 00:16:53
40310,8168,410.203.7732,2025-03-30 05:06:02
40627,4679,+1-451-714-4594,2024-05-12 21:56:36
40662,6660,(706)280-1317x5,2024-08-14 19:12:24
40768,3950,(879)586-3345,2024-10-05 05:41:59
40969,867,799.353.1005x30,2025-02-21 01:32:00
41115,9975,(234)792-6315x5,2024-09-20 07:58:17
41125,867,(707)966-6389x5,2024-06-03 08:35:20
41128,7023,465.232.7489,2024-11-09 06:41:45
41254,2032,(612)515-6868,2024-12-27 07:56:37
41299,8260,001-634-907-049,2025-04-22 07:34:42
41651,7023,8972536011,2024-09-27 15:17:59
41747,9574,943.400.5174x76,2025-04-16 09:42:02
41762,9250,+1-824-848-5010,2024-11-16 06:26:55
41911,6994,548-922-6559x38,2024-12-30 21:06:52
41955,4499,001-366-273-880,2024-09-13 06:52:56
41996,9399,+1-879-238-1269,2025-01-24 01:31:01
42029,4679,636.919.9966x72,2024-11-01 06:00:59
42096,2032,765-493-1116x39,2025-01-02 04:41:47
42128,9634,(236)875-7523x8,2024-09-01 07:18:02
42158,2032,763.648.3249x51,2024-06-03 20:43:47
42224,9634,+1-671-467-6923,2024-08-23 03:16:00
42249,1169,2349922731,2025-01-22 23:54:37
42264,2358,395-614-0233x65,2024-12-03 10:30:13
42635,5111,+1-232-731-3821,2024-12-10 17:16:45
42692,9574,539-243-1241x58,2024-08-22 16:31:21
42939,7023,+1-205-801-6794,2024-06-13 04:56:41
43018,8404,652.596.7971x25,2024-09-25 15:39:35
43029,6994,001-990-533-008,2024-08-23 12:19:40
43096,8168,770-870-4114,2024-08-12 06:11:11
43117,9613,279.757.8152,2025-01-10 05:43:15
43238,4793,+1-593-480-5915,2024-12-03 12:37:18
43254,8260,001-923-511-814,2025-04-19 10:34:21
43286,5645,728.277.7755x36,2024-11-02 18:26:46
43468,4499,+1-360-955-8169,2024-11-13 23:21:21
43473,7134,8344190489,2024-09-04 23:35:24
43496,2973,714-346-7239x24,2025-02-19 20:54:02
43497,3957,(805)621-2030x1,2024-07-01 00:49:29
43644,2032,326-425-6999,2024-05-03 18:29:07
43675,1169,403-560-2962,2025-03-06 04:34:40
43679,2358,466-696-1206x63,2025-01-02 23:22:24
43688,9574,619.218.0052x28,2025-02-04 10:34:12
43893,2032,001-637-244-561,2024-10-04 16:59:30
43896,3818,510-863-9232,2024-09-27 12:31:35
44054,3396,001-325-804-379,2025-04-17 18:40:58
44082,2973,378.776.0972x77,2024-09-16 09:21:09
44259,8168,2568305105,2024-07-25 20:27:16
44266,8168,001-823-644-001,2024-08-24 16:01:45
44282,8171,742.562.0062x38,2025-02-18 11:04:15
44321,8171,001-521-941-018,2025-02-05 04:20:37
44338,2749,679.912.3603x62,2024-07-23 01:07:23
44593,5742,6563817099,2025-04-06 17:51:38
44660,732,628-700-4218x17,2024-09-26 04:10:09
44670,4679,267-434-0581,2024-10-03 06:55:19
44717,2973,+1-980-944-1808,2024-11-28 08:32:00
44857,8260,(418)418-6676x5,2024-11-17 01:20:29
44975,8171,5016582669,2024-05-11 00:46:41
45001,4433,913-364-2707x88,2024-12-24 17:49:08
45146,6660,7042370627,2024-06-13 18:43:16
45191,4433,323-672-4220,2024-09-09 21:59:30
45197,1169,001-308-811-382,2025-04-18 02:45:31
45247,3129,325-990-0162,2024-12-10 05:36:40
45517,8171,(991)889-3318x8,2025-01-17 13:50:25
45587,5111,(519)298-2706x1,2024-12-15 04:09:41
45617,867,3348619227,2024-07-18 12:08:43
45679,8171,001-949-508-145,2025-02-21 16:26:22
45684,5111,536.684.3839x09,2024-07-02 09:37:15
45788,2973,530-353-5115x57,2024-07-27 02:42:29
45922,9613,(789)441-4046x5,2024-05-13 00:30:29
46003,3950,379.317.5399x94,2024-10-26 08:08:19
46026,6994,001-622-422-985,2025-02-12 00:56:22
46054,8168,001-233-790-218,2024-10-07 01:00:08
46105,5742,001-737-934-648,2025-02-23 21:52:29
46180,9975,691.870.7216x99,2024-08-17 23:00:25
46196,4499,001-361-415-728,2025-01-15 14:36:04
46230,9574,618.788.5762x56,2025-02-14 23:42:15
46246,2749,776-517-0539x96,2025-03-23 22:14:16
46371,867,503.638.9407,2024-04-29 16:22:22
46582,6994,9287790946,2025-02-16 11:55:40
46665,9975,724.264.5392x86,2025-04-02 02:49:15
46673,9011,537-751-4762x76,2025-03-12 00:03:14
46731,9574,539.409.2983x25,2024-08-01 16:27:45
46759,7729,3658099979,2024-10-29 10:58:10
46773,8168,001-430-541-381,2025-03-28 04:09:52
46890,4499,220.925.4724x66,2024-05-19 15:03:44
46998,8171,+1-625-318-6718,2025-01-12 05:56:14
47123,3818,639.957.6432x61,2025-04-22 07:13:24
47160,4499,(246)740-7293x7,2024-11-06 05:08:36
47180,9399,535-987-5435x47,2024-07-21 05:44:23
47321,4793,775-775-8253x04,2025-02-10 00:56:49
47371,7672,(702)923-1708,2024-12-02 20:16:20
47388,2749,001-450-470-826,2024-12-16 16:43:06
47404,9399,(633)979-0274,2024-08-19 21:42:34
47551,9011,328.704.9424,2024-12-19 00:21:32
47574,3396,332-342-8853,2024-06-28 20:09:52
47601,8168,254-449-5072,2024-08-14 13:01:03
47720,8404,(773)221-4626x3,2025-01-11 14:43:11
47839,9250,+1-227-704-5253,2024-10-04 20:28:52
47988,8863,001-432-832-248,2025-03-16 06:29:27
48076,3396,001-993-690-845,2024-06-21 04:26:42
48113,2973,(253)405-2435x1,2025-02-11 04:43:47
48132,867,001-711-252-324,2024-06-05 23:25:28
48141,5742,+1-944-565-5680,2024-10-10 22:08:24
48182,3818,916-599-5594x48,2024-08-12 14:42:59
48210,8168,(451)236-4653x1,2024-11-11 16:16:46
48354,5786,001-892-453-359,2024-05-05 03:12:17
48441,4433,001-823-851-822,2025-02-16 22:33:58
48504,9574,322-556-7514x91,2025-02-12 07:49:38
48687,7023,3144467602,2025-01-05 00:33:32
48705,5111,682-689-2934,2024-08-06 17:38:45
48717,7672,001-518-311-596,2024-06-02 18:28:11
48803,9574,(514)243-7744,2024-05-20 03:56:01
48855,8404,330-590-9574x04,2025-02-25 14:45:47
49165,3129,(741)309-6383x5,2024-05-24 17:56:45
49271,3950,+1-697-425-5719,2024-11-23 09:27:53
49336,3396,(356)409-4985x9,2024-11-27 00:06:34
49388,9613,+1-728-547-0398,2025-02-26 16:18:24
49406,4679,(506)453-6823x0,2024-11-16 00:43:39
49448,9975,(750)847-0651x4,2024-06-13 05:02:55
49461,9399,001-761-263-862,2024-09-20 20:51:04
49462,9613,001-571-748-177,2025-03-14 22:42:09
49474,2032,(463)862-3258,2024-10-06 02:08:32
49522,3396,9077402956,2025-01-10 14:17:48
49571,7672,947.740.4308x21,2025-04-05 10:03:11
49635,8404,506-325-8837x70,2024-09-08 23:12:52
49713,5111,(532)215-7684x1,2025-04-09 07:52:33
49796,6660,679.497.8805,2025-02-02 08:27:26
49851,4679,(745)219-1758,2024-08-20 19:05:36
49863,7134,244-415-3333,2024-10-02 14:29:51
49915,9574,001-976-613-219,2024-12-09 20:04:48
49995,5786,+1-404-721-3043,2025-03-21 13:45:31
